
-- phpMyAdmin SQL Dump
-- version 3.5.2.2
-- http://www.phpmyadmin.net
--
-- Хост: localhost
-- Время создания: Фев 27 2017 г., 07:33
-- Версия сервера: 10.1.20-MariaDB
-- Версия PHP: 5.2.17

SET SQL_MODE="NO_AUTO_VALUE_ON_ZERO";
SET time_zone = "+00:00";


/*!40101 SET @OLD_CHARACTER_SET_CLIENT=@@CHARACTER_SET_CLIENT */;
/*!40101 SET @OLD_CHARACTER_SET_RESULTS=@@CHARACTER_SET_RESULTS */;
/*!40101 SET @OLD_COLLATION_CONNECTION=@@COLLATION_CONNECTION */;
/*!40101 SET NAMES utf8 */;

--
-- База данных: `u966101772_l6db`
--

-- --------------------------------------------------------

--
-- Структура таблицы `brand`
--

CREATE TABLE IF NOT EXISTS `brand` (
  `id` int(11) NOT NULL AUTO_INCREMENT,
  `product_brand` varchar(128) COLLATE utf8_unicode_ci NOT NULL,
  PRIMARY KEY (`id`)
) ENGINE=MyISAM  DEFAULT CHARSET=utf8 COLLATE=utf8_unicode_ci AUTO_INCREMENT=3 ;

--
-- Дамп данных таблицы `brand`
--

INSERT INTO `brand` (`id`, `product_brand`) VALUES
(1, 'Fender'),
(2, 'Gibson');

-- --------------------------------------------------------

--
-- Структура таблицы `customer`
--

CREATE TABLE IF NOT EXISTS `customer` (
  `id` int(11) NOT NULL AUTO_INCREMENT,
  `name` varchar(128) COLLATE utf8_unicode_ci NOT NULL,
  PRIMARY KEY (`id`)
) ENGINE=MyISAM  DEFAULT CHARSET=utf8 COLLATE=utf8_unicode_ci AUTO_INCREMENT=3 ;

--
-- Дамп данных таблицы `customer`
--

INSERT INTO `customer` (`id`, `name`) VALUES
(1, 'Иван Иваныч Чудиков'),
(2, 'Марфа Федоровна Удальцова');

-- --------------------------------------------------------

--
-- Структура таблицы `order`
--

CREATE TABLE IF NOT EXISTS `order` (
  `id` int(11) NOT NULL AUTO_INCREMENT,
  `product_id` int(11) NOT NULL,
  `customer_id` int(11) NOT NULL,
  `quantity` int(11) NOT NULL,
  PRIMARY KEY (`id`)
) ENGINE=MyISAM  DEFAULT CHARSET=utf8 COLLATE=utf8_unicode_ci AUTO_INCREMENT=3 ;

--
-- Дамп данных таблицы `order`
--

INSERT INTO `order` (`id`, `product_id`, `customer_id`, `quantity`) VALUES
(1, 1, 1, 1),
(2, 2, 2, 1);

-- --------------------------------------------------------

--
-- Структура таблицы `product`
--

CREATE TABLE IF NOT EXISTS `product` (
  `id` int(11) NOT NULL AUTO_INCREMENT,
  `name` varchar(128) COLLATE utf8_unicode_ci NOT NULL,
  `type_id` int(11) NOT NULL,
  `brand_id` int(11) NOT NULL,
  `quantity` int(11) NOT NULL,
  `price` decimal(10,2) DEFAULT NULL,
  PRIMARY KEY (`id`)
) ENGINE=MyISAM  DEFAULT CHARSET=utf8 COLLATE=utf8_unicode_ci AUTO_INCREMENT=5 ;

--
-- Дамп данных таблицы `product`
--

INSERT INTO `product` (`id`, `name`, `type_id`, `brand_id`, `quantity`, `price`) VALUES
(1, 'Stratocaster', 1, 1, 33, '5000.00'),
(2, 'Les Paul Custom', 1, 2, 15, '10000.00'),
(3, 'Telecaster', 2, 1, 30, '4000.00'),
(4, 'Firebird', 2, 2, 20, '8500.00');

-- --------------------------------------------------------

--
-- Структура таблицы `type`
--

CREATE TABLE IF NOT EXISTS `type` (
  `id` int(11) NOT NULL AUTO_INCREMENT,
  `product_type` varchar(128) COLLATE utf8_unicode_ci NOT NULL,
  `description` text COLLATE utf8_unicode_ci,
  PRIMARY KEY (`id`)
) ENGINE=MyISAM  DEFAULT CHARSET=utf8 COLLATE=utf8_unicode_ci AUTO_INCREMENT=3 ;

--
-- Дамп данных таблицы `type`
--

INSERT INTO `type` (`id`, `product_type`, `description`) VALUES
(1, 'Electric Guitar', 'An electric guitar is a fretted string instrument that uses a pickup to convert the vibration of its strings—which are typically made of steel, and which occurs when a guitarist strums, plucks or fingerpicks the strings—into electrical signals. The vibrations of the strings are sensed by a pickup, of which the most common type is the magnetic pickup, which uses the principle of direct electromagnetic induction. The signal generated by an electric guitar is too weak to drive a loudspeaker, so it is plugged into a guitar amplifier before being sent to a loudspeaker, which makes a sound loud enough to hear. The output of an electric guitar is an electric signal, and the signal can easily be altered by electronic circuits to add "color" to the sound or change the sound. Often the signal is modified using effects such as reverb and distortion and "overdrive", with the latter being a key element of the sound of the electric guitar as it is used in blues and rock music.'),
(2, 'Acoustic Guitar', 'An acoustic guitar is a guitar that produces sound acoustically—by transmitting the vibration of the strings to the air—as opposed to relying on electronic amplification (see electric guitar). The sound waves from the strings of an acoustic guitar resonate through the guitar''s body, creating sound. This typically involves the use of a sound board and a sound box to strengthen the vibrations of the strings..');

/*!40101 SET CHARACTER_SET_CLIENT=@OLD_CHARACTER_SET_CLIENT */;
/*!40101 SET CHARACTER_SET_RESULTS=@OLD_CHARACTER_SET_RESULTS */;
/*!40101 SET COLLATION_CONNECTION=@OLD_COLLATION_CONNECTION */;
